{
  "frames": {
    "army1_1.png":
    {
      "frame":{"x":0,"y":0,"w":8,"h":8},
      "rotated":false,
      "trimmed":false,
      "spriteSourceSize":{"x":0,"y":0,"w":8,"h":8},
      "sourceSize":{"w":8,"h":8}
    },
    "army1_2.png":
    {
      "frame":{"x":8,"y":0,"w":8,"h":8},
      "rotated":false,
      "trimmed":false,
      "spriteSourceSize":{"x":0,"y":0,"w":8,"h":8},
      "sourceSize":{"w":8,"h":8}
    },
    "army1_3.png":
    {
      "frame":{"x":16,"y":0,"w":8,"h":8},
      "rotated":false,
      "trimmed":false,
      "spriteSourceSize":{"x":0,"y":0,"w":8,"h":8},
      "sourceSize":{"w":8,"h":8}
    },
    "army1_dead.png":
    {
      "frame":{"x":0,"y":8,"w":8,"h":8},
      "rotated":false,
      "trimmed":false,
      "spriteSourceSize":{"x":0,"y":0,"w":8,"h":8},
      "sourceSize":{"w":8,"h":8}
    },
    "army2_1.png":
    {
      "frame":{"x":8,"y":8,"w":8,"h":8},
      "rotated":false,
      "trimmed":false,
      "spriteSourceSize":{"x":0,"y":0,"w":8,"h":8},
      "sourceSize":{"w":8,"h":8}
    },
    "army2_2.png":
    {
      "frame":{"x":16,"y":8,"w":8,"h":8},
      "rotated":false,
      "trimmed":false,
      "spriteSourceSize":{"x":0,"y":0,"w":8,"h":8},
      "sourceSize":{"w":8,"h":8}
    },
    "army2_3.png":
    {
      "frame":{"x":0,"y":16,"w":8,"h":8},
      "rotated":false,
      "trimmed":false,
      "spriteSourceSize":{"x":0,"y":0,"w":8,"h":8},
      "sourceSize":{"w":8,"h":8}
    },
    "army2_dead.png":
    {
      "frame":{"x":8,"y":16,"w":8,"h":8},
      "rotated":false,
      "trimmed":false,
      "spriteSourceSize":{"x":0,"y":0,"w":8,"h":8},
      "sourceSize":{"w":8,"h":8}
    },
    "army3_1.png":
    {
      "frame":{"x":16,"y":16,"w":8,"h":8},
      "rotated":false,
      "trimmed":false,
      "spriteSourceSize":{"x":0,"y":0,"w":8,"h":8},
      "sourceSize":{"w":8,"h":8}
    },
    "army3_2.png":
    {
      "frame":{"x":0,"y":24,"w":8,"h":8},
      "rotated":false,
      "trimmed":false,
      "spriteSourceSize":{"x":0,"y":0,"w":8,"h":8},
      "sourceSize":{"w":8,"h":8}
    },
    "army3_3.png":
    {
      "frame":{"x":0,"y":24,"w":8,"h":8},
      "rotated":false,
      "trimmed":false,
      "spriteSourceSize":{"x":0,"y":0,"w":8,"h":8},
      "sourceSize":{"w":8,"h":8}
    },
    "army3_dead.png":
    {
      "frame":{"x":16,"y":24,"w":8,"h":8},
      "rotated":false,
      "trimmed":false,
      "spriteSourceSize":{"x":0,"y":0,"w":8,"h":8},
      "sourceSize":{"w":8,"h":8}
    }
  },
  "meta": {
    "image":"army2.png",
    "format":"RGBA8888",
    "size":{"w":8,"h":32},
    "scale":1
  }
}