{
  "frames": {
    "wall1.png":
    {
      "frame":{"x":0,"y":0,"w":32,"h":32},
      "rotated":false,
      "trimmed":false,
      "spriteSourceSize":{"x":0,"y":0,"w":32,"h":32},
      "sourceSize":{"w":32,"h":32}
    },
    "wall2.png":
    {
      "frame":{"x":0,"y":32,"w":32,"h":32},
      "rotated":false,
      "trimmed":false,
      "spriteSourceSize":{"x":0,"y":0,"w":32,"h":32},
      "sourceSize":{"w":32,"h":32}
    },
    "floor1.png":
    {
      "frame":{"x":0,"y":64,"w":32,"h":32},
      "rotated":false,
      "trimmed":false,
      "spriteSourceSize":{"x":0,"y":0,"w":32,"h":32},
      "sourceSize":{"w":32,"h":32}
    },
    "floor2.png":
    {
      "frame":{"x":0,"y":96,"w":32,"h":32},
      "rotated":false,
      "trimmed":false,
      "spriteSourceSize":{"x":0,"y":0,"w":32,"h":32},
      "sourceSize":{"w":32,"h":32}
    }
  },
  "meta": {
    "image":"buildings.png",
    "format":"RGBA8888",
    "size":{"w":32,"h":128},
    "scale":1
  }
}