{
  "frames": {
    "dog1.png":
    {
      "frame":{"x":0,"y":0,"w":16,"h":16},
      "rotated":false,
      "trimmed":false,
      "spriteSourceSize":{"x":0,"y":0,"w":16,"h":16},
      "sourceSize":{"w":16,"h":16}
    },
    "dog2.png":
    {
      "frame":{"x":0,"y":16,"w":16,"h":16},
      "rotated":false,
      "trimmed":false,
      "spriteSourceSize":{"x":0,"y":0,"w":16,"h":16},
      "sourceSize":{"w":16,"h":16}
    },
    "dogdead.png":
    {
      "frame":{"x":0,"y":32,"w":16,"h":16},
      "rotated":false,
      "trimmed":false,
      "spriteSourceSize":{"x":0,"y":0,"w":16,"h":16},
      "sourceSize":{"w":16,"h":16}
    },
    "zombiedog1.png":
    {
      "frame":{"x":0,"y":48,"w":16,"h":16},
      "rotated":false,
      "trimmed":false,
      "spriteSourceSize":{"x":0,"y":0,"w":16,"h":16},
      "sourceSize":{"w":16,"h":16}
    },
    "zombiedog2.png":
    {
      "frame":{"x":0,"y":64,"w":16,"h":16},
      "rotated":false,
      "trimmed":false,
      "spriteSourceSize":{"x":0,"y":0,"w":16,"h":16},
      "sourceSize":{"w":16,"h":16}
    },
    "zombiedogdead.png":
    {
      "frame":{"x":0,"y":80,"w":16,"h":16},
      "rotated":false,
      "trimmed":false,
      "spriteSourceSize":{"x":0,"y":0,"w":16,"h":16},
      "sourceSize":{"w":16,"h":16}
    }
  },
  "meta": {
    "image":"dogs.png",
    "format":"RGBA8888",
    "size":{"w":16,"h":96},
    "scale":1
  }
}