{
  "frames": {
    "graveyard1.png":
    {
      "frame":{"x":0,"y":0,"w":32,"h":32},
      "rotated":false,
      "trimmed":false,
      "spriteSourceSize":{"x":0,"y":0,"w":32,"h":32},
      "sourceSize":{"w":32,"h":32}
    },
    "graveyard2.png":
    {
      "frame":{"x":0,"y":32,"w":32,"h":32},
      "rotated":false,
      "trimmed":false,
      "spriteSourceSize":{"x":0,"y":0,"w":32,"h":32},
      "sourceSize":{"w":32,"h":32}
    }
  },
  "meta": {
    "image":"graveyard.png",
    "format":"RGBA8888",
    "size":{"w":32,"h":64},
    "scale":1
  }
}