{
  "frames": {
    "human1_1.png":
    {
      "frame":{"x":0,"y":0,"w":8,"h":8},
      "rotated":false,
      "trimmed":false,
      "spriteSourceSize":{"x":0,"y":0,"w":8,"h":8},
      "sourceSize":{"w":8,"h":8}
    },
    "human1_2.png":
    {
      "frame":{"x":8,"y":0,"w":8,"h":8},
      "rotated":false,
      "trimmed":false,
      "spriteSourceSize":{"x":0,"y":0,"w":8,"h":8},
      "sourceSize":{"w":8,"h":8}
    },
    "human1_3.png":
    {
      "frame":{"x":16,"y":0,"w":8,"h":8},
      "rotated":false,
      "trimmed":false,
      "spriteSourceSize":{"x":0,"y":0,"w":8,"h":8},
      "sourceSize":{"w":8,"h":8}
    },
    "human1_dead.png":
    {
      "frame":{"x":24,"y":0,"w":8,"h":8},
      "rotated":false,
      "trimmed":false,
      "spriteSourceSize":{"x":0,"y":0,"w":8,"h":8},
      "sourceSize":{"w":8,"h":8}
    },
    "human2_1.png":
    {
      "frame":{"x":0,"y":8,"w":8,"h":8},
      "rotated":false,
      "trimmed":false,
      "spriteSourceSize":{"x":0,"y":0,"w":8,"h":8},
      "sourceSize":{"w":8,"h":8}
    },
    "human2_2.png":
    {
      "frame":{"x":8,"y":8,"w":8,"h":8},
      "rotated":false,
      "trimmed":false,
      "spriteSourceSize":{"x":0,"y":0,"w":8,"h":8},
      "sourceSize":{"w":8,"h":8}
    },
    "human2_3.png":
    {
      "frame":{"x":16,"y":8,"w":8,"h":8},
      "rotated":false,
      "trimmed":false,
      "spriteSourceSize":{"x":0,"y":0,"w":8,"h":8},
      "sourceSize":{"w":8,"h":8}
    },
    "human2_dead.png":
    {
      "frame":{"x":24,"y":8,"w":8,"h":8},
      "rotated":false,
      "trimmed":false,
      "spriteSourceSize":{"x":0,"y":0,"w":8,"h":8},
      "sourceSize":{"w":8,"h":8}
    },
    "human3_1.png":
    {
      "frame":{"x":0,"y":16,"w":8,"h":8},
      "rotated":false,
      "trimmed":false,
      "spriteSourceSize":{"x":0,"y":0,"w":8,"h":8},
      "sourceSize":{"w":8,"h":8}
    },
    "human3_2.png":
    {
      "frame":{"x":8,"y":16,"w":8,"h":8},
      "rotated":false,
      "trimmed":false,
      "spriteSourceSize":{"x":0,"y":0,"w":8,"h":8},
      "sourceSize":{"w":8,"h":8}
    },
    "human3_3.png":
    {
      "frame":{"x":16,"y":16,"w":8,"h":8},
      "rotated":false,
      "trimmed":false,
      "spriteSourceSize":{"x":0,"y":0,"w":8,"h":8},
      "sourceSize":{"w":8,"h":8}
    },
    "human3_dead.png":
    {
      "frame":{"x":24,"y":16,"w":8,"h":8},
      "rotated":false,
      "trimmed":false,
      "spriteSourceSize":{"x":0,"y":0,"w":8,"h":8},
      "sourceSize":{"w":8,"h":8}
    },
    "human4_1.png":
    {
      "frame":{"x":0,"y":24,"w":8,"h":8},
      "rotated":false,
      "trimmed":false,
      "spriteSourceSize":{"x":0,"y":0,"w":8,"h":8},
      "sourceSize":{"w":8,"h":8}
    },
    "human4_2.png":
    {
      "frame":{"x":8,"y":24,"w":8,"h":8},
      "rotated":false,
      "trimmed":false,
      "spriteSourceSize":{"x":0,"y":0,"w":8,"h":8},
      "sourceSize":{"w":8,"h":8}
    },
    "human4_3.png":
    {
      "frame":{"x":16,"y":24,"w":8,"h":8},
      "rotated":false,
      "trimmed":false,
      "spriteSourceSize":{"x":0,"y":0,"w":8,"h":8},
      "sourceSize":{"w":8,"h":8}
    },
    "human4_dead.png":
    {
      "frame":{"x":24,"y":24,"w":8,"h":8},
      "rotated":false,
      "trimmed":false,
      "spriteSourceSize":{"x":0,"y":0,"w":8,"h":8},
      "sourceSize":{"w":8,"h":8}
    },
    "human5_1.png":
    {
      "frame":{"x":0,"y":32,"w":8,"h":8},
      "rotated":false,
      "trimmed":false,
      "spriteSourceSize":{"x":0,"y":0,"w":8,"h":8},
      "sourceSize":{"w":8,"h":8}
    },
    "human5_2.png":
    {
      "frame":{"x":8,"y":32,"w":8,"h":8},
      "rotated":false,
      "trimmed":false,
      "spriteSourceSize":{"x":0,"y":0,"w":8,"h":8},
      "sourceSize":{"w":8,"h":8}
    },
    "human5_3.png":
    {
      "frame":{"x":16,"y":32,"w":8,"h":8},
      "rotated":false,
      "trimmed":false,
      "spriteSourceSize":{"x":0,"y":0,"w":8,"h":8},
      "sourceSize":{"w":8,"h":8}
    },
    "human5_dead.png":
    {
      "frame":{"x":24,"y":32,"w":8,"h":8},
      "rotated":false,
      "trimmed":false,
      "spriteSourceSize":{"x":0,"y":0,"w":8,"h":8},
      "sourceSize":{"w":8,"h":8}
    },
    "human6_1.png":
    {
      "frame":{"x":0,"y":40,"w":8,"h":8},
      "rotated":false,
      "trimmed":false,
      "spriteSourceSize":{"x":0,"y":0,"w":8,"h":8},
      "sourceSize":{"w":8,"h":8}
    },
    "human6_2.png":
    {
      "frame":{"x":8,"y":40,"w":8,"h":8},
      "rotated":false,
      "trimmed":false,
      "spriteSourceSize":{"x":0,"y":0,"w":8,"h":8},
      "sourceSize":{"w":8,"h":8}
    },
    "human6_3.png":
    {
      "frame":{"x":16,"y":40,"w":8,"h":8},
      "rotated":false,
      "trimmed":false,
      "spriteSourceSize":{"x":0,"y":0,"w":8,"h":8},
      "sourceSize":{"w":8,"h":8}
    },
    "human6_dead.png":
    {
      "frame":{"x":24,"y":40,"w":8,"h":8},
      "rotated":false,
      "trimmed":false,
      "spriteSourceSize":{"x":0,"y":0,"w":8,"h":8},
      "sourceSize":{"w":8,"h":8}
    }
  },
  "meta": {
    "image":"humans.png",
    "format":"RGBA8888",
    "size":{"w":32,"h":48},
    "scale":1
  }
}