{
  "frames": {
    "zombie1_1.png":
    {
      "frame":{"x":0,"y":0,"w":8,"h":8},
      "rotated":false,
      "trimmed":false,
      "spriteSourceSize":{"x":0,"y":0,"w":8,"h":8},
      "sourceSize":{"w":8,"h":8}
    },
    "zombie1_2.png":
    {
      "frame":{"x":8,"y":0,"w":8,"h":8},
      "rotated":false,
      "trimmed":false,
      "spriteSourceSize":{"x":0,"y":0,"w":8,"h":8},
      "sourceSize":{"w":8,"h":8}
    },
    "zombie1_3.png":
    {
      "frame":{"x":16,"y":0,"w":8,"h":8},
      "rotated":false,
      "trimmed":false,
      "spriteSourceSize":{"x":0,"y":0,"w":8,"h":8},
      "sourceSize":{"w":8,"h":8}
    },
    "zombie1_dead.png":
    {
      "frame":{"x":24,"y":0,"w":8,"h":8},
      "rotated":false,
      "trimmed":false,
      "spriteSourceSize":{"x":0,"y":0,"w":8,"h":8},
      "sourceSize":{"w":8,"h":8}
    },
    "zombie2_1.png":
    {
      "frame":{"x":0,"y":8,"w":8,"h":8},
      "rotated":false,
      "trimmed":false,
      "spriteSourceSize":{"x":0,"y":0,"w":8,"h":8},
      "sourceSize":{"w":8,"h":8}
    },
    "zombie2_2.png":
    {
      "frame":{"x":8,"y":8,"w":8,"h":8},
      "rotated":false,
      "trimmed":false,
      "spriteSourceSize":{"x":0,"y":0,"w":8,"h":8},
      "sourceSize":{"w":8,"h":8}
    },
    "zombie2_3.png":
    {
      "frame":{"x":16,"y":8,"w":8,"h":8},
      "rotated":false,
      "trimmed":false,
      "spriteSourceSize":{"x":0,"y":0,"w":8,"h":8},
      "sourceSize":{"w":8,"h":8}
    },
    "zombie2_dead.png":
    {
      "frame":{"x":24,"y":8,"w":8,"h":8},
      "rotated":false,
      "trimmed":false,
      "spriteSourceSize":{"x":0,"y":0,"w":8,"h":8},
      "sourceSize":{"w":8,"h":8}
    },
    "zombie3_1.png":
    {
      "frame":{"x":0,"y":16,"w":8,"h":8},
      "rotated":false,
      "trimmed":false,
      "spriteSourceSize":{"x":0,"y":0,"w":8,"h":8},
      "sourceSize":{"w":8,"h":8}
    },
    "zombie3_2.png":
    {
      "frame":{"x":8,"y":16,"w":8,"h":8},
      "rotated":false,
      "trimmed":false,
      "spriteSourceSize":{"x":0,"y":0,"w":8,"h":8},
      "sourceSize":{"w":8,"h":8}
    },
    "zombie3_3.png":
    {
      "frame":{"x":16,"y":16,"w":8,"h":8},
      "rotated":false,
      "trimmed":false,
      "spriteSourceSize":{"x":0,"y":0,"w":8,"h":8},
      "sourceSize":{"w":8,"h":8}
    },
    "zombie3_dead.png":
    {
      "frame":{"x":24,"y":16,"w":8,"h":8},
      "rotated":false,
      "trimmed":false,
      "spriteSourceSize":{"x":0,"y":0,"w":8,"h":8},
      "sourceSize":{"w":8,"h":8}
    }
  },
  "meta": {
    "image":"zombie.png",
    "format":"RGBA8888",
    "size":{"w":8,"h":32},
    "scale":1
  }
}